Token symbol,Listed date,1st day price,1st day volume,ATH date,ATH %,Day to ATH,Price after 1d,Price % change 1d,Price after 30d,Price % change 30d,Price after 60d,Price % change 60d,Volume after 1d,Vol % change 1d,Volume after 30d,Vol % change 30d,Volume after 60d,Vol % change 60d
BUSSY,2024-10-28,0.21048,826687.88,2024-12-16,701.5963511972634,49,0.16752,-0.20410490307867735,0.086674,-0.5882079057392626,,,455869.74,-0.4485588200470533,0.0,-1.0,,
PIGEON,2024-09-16,0.026889,159562.34,2024-12-16,5426.795343820893,91,0.027356,0.01736769682769901,0.026949,0.002231395738034214,0.14062,4.22964781137268,5579.65,-0.9650315356367924,11686.24,-0.9267606629484125,6727.31,-0.9578389863171974
SIX,2024-05-25,0.72486,108365.98,2024-12-16,19.292001214027543,205,0.85698,0.18226967966227958,0.70985,-0.020707446955274045,0.70351,-0.029453963523990767,353125.83,2.258641042142562,158258.5,0.460407592862631,31740.32,-0.7071006971006952
PILL,2024-07-17,0.022886,46829818.72,2024-07-17,0.0,0,0.017529,-0.23407323254391332,0.0023,-0.8995018788779167,0.000195,-0.9914795071222582,24854048.95,-0.4692687345512748,6521.73,-0.999860735527528,24464.38,-0.9994775896924506
LORA,2024-08-23,0.091482,438314.18,2024-12-16,1228.3487462014386,115,0.16117,0.7617673422093967,0.03758,-0.5892088061039329,0.059074,-0.3542554819527338,287114.68,-0.3449568982687259,716.82,-0.9983645977412823,7516.07,-0.9828523229615798
CAPPY,2024-05-28,0.0026773,4745726.0,2024-05-29,5.19926791917229,1,0.0028165,0.0519926791917229,0.00010585,-0.9604639001979607,2.35e-05,-0.9912225002801329,19563300.0,3.1222986746390333,29887962.0,5.297869282803095,17798468.0,2.750420483609884
COZY,2024-08-11,0.081768,1249354.19,2024-12-16,3580.902064377263,127,0.079832,-0.02367674395851671,0.011255,-0.8623544662948831,0.0005,-0.9938851384404657,198950.06,-0.8407576797737397,9966.56,-0.9920226305080067,0.0,-1.0
RICH,2024-08-19,0.31357,544121.12,2024-12-16,380.46688139809294,119,0.20727,-0.3389992665114647,0.030621,-0.902347163312817,0.025816,-0.9176706955384762,236300.22,-0.5657212864665132,1502.28,-0.9972390705951646,23977.82,-0.9559329364021011
SHEEP,2024-12-09,0.46776,842541.72,2024-12-16,200.94492902343083,7,0.25684,-0.45091499914486055,,,,,327246.67,-0.6115958863140926,,,,
FRUDO,2024-11-08,0.83838,367504.39,2024-12-16,152.03368400963762,38,0.51157,-0.38981130275054277,2.0572,1.453779908871872,,,580089.71,0.5784565457843918,87859.48,-0.7609294408700805,,
XULIAN,2024-06-04,0.00059742,315837732.0,2024-12-16,241.87004117706138,195,0.00054282,-0.09139298985638244,0.0009852,0.6490910916942856,0.00066146,0.10719426868869486,169590617.0,-0.4630451025401867,36735989.0,-0.8836871428648684,12662357.0,-0.9599086628446281
TATE,2024-06-12,0.011386,10783121.0,2024-12-16,344.80941507113994,187,0.011727,0.029949060249429005,0.0081024,-0.2883892499560865,0.000705,-0.938081854909538,6919598.0,-0.3582935775273226,20872.0,-0.9980643822878367,0.0,-1.0
ILIENS,2024-06-06,0.00035265,307746690.0,2024-12-16,501.9849709343542,193,0.00029286,-0.16954487452148026,0.001015,1.8782078548135548,0.00035904,0.018119948957890264,70485434.0,-0.7709628201037678,38820886.0,-0.8738544157859179,11504624.0,-0.9626165792392438
BIGBEN,2024-06-28,0.001689,55748264.04,2024-12-16,210.3019538188277,171,0.002205,0.30550621669626987,0.002738,0.6210775606867969,0.000318,-0.8117229129662522,34316931.8,-0.38443048602594665,2337452.98,-0.9580712866983113,356352.67,-0.9936078248150595
COPE,2024-11-25,0.18135,273886.83,2024-11-30,2681.2517231872066,5,0.97855,4.395919492693686,,,,,566910.37,1.0698708660069562,,,,
BAGS,2024-06-11,0.00012111,73578074.0,2024-12-17,1494.9962843695812,189,4.39e-05,-0.6375196102716538,0.00041087,2.392535711336801,1.11e-05,-0.9083477830071836,8439068.0,-0.8853045813621052,3556172.0,-0.9516680471956904,1566911.0,-0.9787041041601605
LQNA,2024-11-01,1.0423,246796.33,2024-12-16,1883.5939748632832,45,0.67602,-0.35141513959512616,3.2766,2.1436246761968722,,,326102.32,0.32134185301702023,154505.38,-0.37395592551963797,,
SPH,2024-10-17,0.035502,288368.42,2024-12-16,13830.764463973861,60,0.045522,0.2822376204157513,0.040746,0.14770998816968062,4.9457,138.3076446397386,63656.92,-0.779251417336198,675.88,-0.9976561927273451,94934.84,-0.6707862809665497
WASH,2024-08-13,0.036364,480081.7,2024-12-16,8508.788912110878,125,0.029558,-0.1871631283687163,0.019782,-0.4560004399956,0.01819,-0.499780002199978,121331.18,-0.7472697251322015,1530.02,-0.9968130007871577,37259.21,-0.9223898557266399
JEET,2024-07-30,0.00201,31196905.0,2024-12-16,474.726368159204,139,0.00113,-0.43781094527363185,0.0001,-0.9502487562189055,1.51e-05,-0.9924875621890548,6110560.0,-0.8041292878251864,168179.0,-0.9946091126667854,0.0,-1.0
SHREK,2024-10-30,0.28665,354258.4,2024-12-17,823.7397523111807,48,0.13393,-0.53277516134659,0.073405,-0.7439211582068725,,,116953.57,-0.6698636644889719,10197.21,-0.9712153332143995,,
ASI,2024-07-09,0.00472,20144371.98,2024-12-17,140.82627118644066,161,0.004601,-0.025211864406779694,0.000425,-0.909957627118644,0.0003,-0.9364406779661016,4716929.04,-0.7658438275125616,0.0,-1.0,37115.01,-0.9981575494119723
PICKL,2024-12-09,0.70222,866586.01,2024-12-16,89.49901740195381,7,0.64392,-0.08302241462789428,,,,,65996.78,-0.9238427816299504,,,,
MUNCH,2024-12-03,0.00036939,2818825241.0,2024-12-16,87.03808982376353,13,0.00023359,-0.3676331248815615,,,,,1239789156.0,-0.5601752325872549,,,,
HYPE,2024-11-29,6.252,141394901.36,2024-12-16,335.74856046065264,17,8.4985,0.35932501599488176,,,,,47362819.1,-0.6650316337828095,,,,
PURRPS,2024-07-02,0.0001666,1117498911.0,2024-12-16,464.89195678271307,167,0.00018281,0.0972989195678271,6.054e-05,-0.6366146458583434,4.84e-06,-0.9709483793517407,566986422.0,-0.49262910556876593,15788761.0,-0.9858713410415126,0.0,-1.0
RAGE,2024-08-07,0.22084,24767966.67,2024-12-18,15.703676870132233,133,0.20624,-0.06611121173700418,0.076433,-0.6538987502264082,0.048478,-0.7804836080420214,5719290.46,-0.7690851842542471,1105244.19,-0.9553760627698713,67600.78,-0.9972706366695058
HBOOST,2024-06-28,5.746e-05,910556811.0,2024-12-16,1595.4925165332404,171,9.335e-05,0.6246084232509572,5.252e-05,-0.08597285067873306,2.32e-06,-0.9596240863209189,437922932.0,-0.5190602862889353,25638014.0,-0.9718435865941812,0.0,-1.0
FRAC,2024-08-07,0.02235,6478277.3,2024-12-16,760.8948545861298,131,0.010474,-0.5313646532438479,0.0036591,-0.8362818791946308,0.0044456,-0.8010917225950782,1344555.8,-0.7924516445135807,0.0,-1.0,0.0,-1.0
NASDAQ,2024-11-04,0.064964,820640.8,2024-12-16,3104.544055169017,42,0.081815,0.2593898158980359,0.10639,0.6376762514623484,,,40203.35,-0.9510098084326297,3047.85,-0.9962860121017624,,
PANDA,2024-07-16,0.041829,49682804.0,2024-07-18,99.38081235506469,2,0.049144,0.17487867269119506,0.0082556,-0.8026345358483349,0.0013,-0.9689210834588443,13672451.0,-0.7248051659886185,1228312.0,-0.975276918750399,0.0,-1.0
MAGA,2024-11-12,0.0005,30244641.36,2024-12-15,3422.8,33,0.000455,-0.08999999999999997,0.000562,0.12399999999999989,,,4238984.55,-0.8598434512896469,174549.51,-0.9942287459149425,,
FUCKY,2024-06-08,0.001152,65428370.68,2024-12-16,603.8194444444445,191,0.000915,-0.20572916666666663,0.0009,-0.21875,5.5e-05,-0.9522569444444444,41254236.24,-0.3694748041064928,5916492.55,-0.9095729805203824,161929.71,-0.9975250841749984
HPEPE,2024-07-26,0.0042254,40066250.0,2024-12-15,820.7412315993754,142,0.0051459,0.2178491977090926,6.233e-05,-0.9852487338476831,1.578e-05,-0.996265442324987,16580279.0,-0.5861784169968489,0.0,-1.0,0.0,-1.0
RIP,2024-10-12,0.020457,50251.08,2024-12-16,9234.702057975264,65,0.012822,-0.3732218800410617,0.14442,6.059686170992814,0.3195,14.618125824901012,21944.69,-0.5632991370533729,2008.44,-0.9600319037919185,0.0,-1.0
UP,2024-11-19,0.022199,9777658.26,2024-12-16,633.1861795576377,27,0.073576,2.314383530789675,,,,,5500845.3,-0.4374066720552371,,,,
GUP,2024-07-01,0.31712,380357.04,2024-07-13,206.5022704339051,12,0.32189,0.015041624621594307,0.30128,-0.049949545913218985,0.03597,-0.8865729061553986,208602.27,-0.451561958732248,70655.25,-0.8142396680760793,1312.89,-0.9965482694891095
YEETI,2024-11-04,0.00084,810045054.0,2024-12-16,1979.4047619047617,42,0.0011216,0.3352380952380951,0.0051753,5.161071428571428,,,152499289.0,-0.8117397442932848,86309942.0,-0.8934504425725436,,
LICK,2024-05-17,9.165e-05,4371648302.0,2024-12-15,1976.1593016912166,212,0.00010678,0.16508456082924172,8.058e-05,-0.12078559738134209,5.728e-05,-0.3750136388434261,432196805.0,-0.9011364192306428,100026882.0,-0.9771191836373849,158453307.0,-0.9637543333649441
ARI,2024-08-12,0.00055,11821874.48,2024-12-16,1578.363636363636,126,0.000111,-0.7981818181818182,5.2e-05,-0.9054545454545455,5.8e-05,-0.8945454545454545,1972020.69,-0.8331888319964635,0.0,-1.0,0.0,-1.0
NIGGO,2024-11-19,0.082562,234143.65,2024-12-16,1877.180785349192,27,0.051515,-0.3760446694605266,,,,,119344.99,-0.4902915795495628,,,,
PUMP,2024-06-21,0.00015637,800590071.0,2024-12-16,517.9510136215387,178,0.00012832,-0.17938223444394708,0.00043425,1.7770672123808917,0.00011015,-0.29558099379676406,345891068.0,-0.5679548366519774,67595940.0,-0.9155673515716135,1849896.0,-0.9976893343210098
CATNIP,2024-06-28,0.03125,3537749.06,2024-12-16,388.22400000000005,171,0.056216,0.7989120000000001,0.037756,0.20819199999999993,0.001823,-0.9416640000000001,1538506.32,-0.5651171708600496,146034.02,-0.9587212044937975,37827.34,-0.9893075118222207
LAUNCH,2024-12-12,0.062775,4985489.94,2024-12-16,88.81720430107526,4,0.059836,-0.04681800079649534,,,,,358975.69,-0.927995905252995,,,,
RETARD,2024-11-30,0.39823,188689.57,2024-12-16,312.50031388895866,16,0.80837,1.0299073399794092,,,,,907943.02,3.811834697593513,,,,
RANK,2024-10-03,0.016391,64412.97,2024-12-16,9751.137819535112,74,0.012977,-0.20828503447013602,0.1202,6.333292660606431,0.10308,5.288817033738027,11632.93,-0.8194008132213124,5080.0,-0.9211338958597934,13585.79,-0.7890830061088628
JEFF,2024-05-24,0.47712,1148658.0,2024-12-16,7313.229376257545,206,0.96582,1.0242706237424546,3.3597,6.041624748490946,6.0003,11.576081488933601,194769.0,-0.8304377804359522,243259.0,-0.7882233005820706,103030.0,-0.9103040243484135
WAGMI,2024-05-26,0.001519,126080671.25,2024-12-16,770.4410796576695,204,0.00122,-0.19684002633311393,0.00208,0.36932192231731387,0.001165,-0.23304805793285055,50028474.76,-0.6032026617244077,105804726.92,-0.16081723018269545,25455712.41,-0.7980998026293423
TJIF,2024-08-26,0.050102,416145.16,2024-12-16,2413.0733304059722,112,0.046766,-0.0665841682966748,0.01,-0.8004071693744761,0.080426,0.6052452995888387,119233.8,-0.7134802673182599,14300.0,-0.9656369907077617,29654.07,-0.9287410431494626
CHINA,2024-09-24,0.067801,118871.37,2024-12-16,2104.8347369507824,83,0.059378,-0.12423120602940962,0.10369,0.5293284759811803,0.13371,0.9720948068612556,7600.05,-0.9360649246323989,11219.02,-0.9056205039110763,500.0,-0.9957937727141531
LADY,2024-07-22,0.29722,4151111.32,2024-12-16,4.262835609985882,147,0.19476,-0.3447278110490546,0.009,-0.9697193997712132,0.002674,-0.9910032972209138,1855534.56,-0.5530029389816509,12315.16,-0.9970332860165263,641812.91,-0.8453876900607907
NOCEX,2024-10-01,0.01,156566.84,2024-12-17,28048.0,77,0.013133,0.31330000000000013,0.73723,72.723,1.8128,180.28,20107.1,-0.8715749771790757,22748.7,-0.8547029498711222,54658.3,-0.6508947871720474
CATBAL,2024-08-24,0.29744,383137.46,2024-12-16,12509.601936525014,114,0.42166,0.4176304464766003,0.35465,0.1923413125336204,2.4473,7.22787789133943,158568.79,-0.5861308105973245,140949.42,-0.632117882704552,52783.82,-0.8622326827556878
WOW,2024-11-29,0.01108,52826082.0,2024-12-18,96.50722021660651,19,0.0083519,-0.24621841155234647,,,,,15933140.0,-0.698384975815545,,,,
HOP,2024-11-21,0.26627,241237.22,2024-12-16,456.16479513276005,25,0.1245,-0.5324294888646862,,,,,372779.43,0.5452815697345541,,,,
ANSEM,2024-06-12,0.012663,14782879.0,2024-06-19,28.25554765853271,7,0.011692,-0.07668009160546485,0.011624,-0.08205006712469398,0.010862,-0.14222538103135118,3345259.0,-0.7737072054773634,538185.0,-0.9635940333408668,146723.0,-0.9900748020733986
MANLET,2024-05-22,0.016631,9683637.0,2024-12-16,470.39264025013534,208,0.017285,0.03932415368889419,0.020842,0.25320185196320133,0.018562,0.11610847213035891,612082.0,-0.93679213708651,2338931.0,-0.7584656467399593,191993.0,-0.9801734616859348
YAP,2024-11-30,0.63805,680195.51,2024-12-16,106.67659274351537,16,0.375,-0.4122717655356163,,,,,333578.29,-0.5095846927892835,,,,
HAPPY,2024-06-24,0.24697,369745.54,2024-12-16,334.5871968255254,175,0.23549,-0.046483378548001775,0.14211,-0.4245859821030895,0.10856,-0.5604324411871887,569913.48,0.5413667464386454,21361.83,-0.9422255911457377,196.63,-0.9994682018341587
FEIT,2024-11-06,0.003004,846022.34,2024-12-16,41125.03328894806,40,0.001502,-0.5,0.012779,3.253994673768309,,,110826.16,-0.8690032700554928,0.0,-1.0,,
VAPOR,2024-07-12,0.00052,79121870.0,2024-12-16,3086.153846153846,157,0.00033,-0.3653846153846153,1e-05,-0.9807692307692307,1.26e-06,-0.997576923076923,144561011.0,0.827067674209419,7931270.0,-0.8997588151038391,1945984.0,-0.9754052324597485
ATEHUN,2024-08-08,0.4716,416691.66,2024-12-16,2647.879558948261,130,0.3804,-0.19338422391857502,0.13791,-0.7075699745547074,0.088624,-0.812078032230704,393521.92,-0.055604040647225794,107887.59,-0.7410853147384807,16793.3,-0.9596984974453292
POINTS,2024-05-29,0.0089904,46920070.0,2024-07-29,767.2806549208044,61,0.010072,0.12030610428901922,0.014064,0.564335290977042,0.066011,6.34238743548674,25529425.0,-0.45589541959336377,19180306.0,-0.5912131844645585,8165388.0,-0.825972382394144
FLASK,2024-12-14,1.0578,1607856.54,2024-12-15,95.87823785214596,1,2.072,0.9587823785214595,,,,,587525.07,-0.6345911122145264,,,,
TEST,2024-08-05,0.00012236,13877664.0,2024-12-16,8770.5459300425,133,0.00012422,0.015201046093494819,6e-05,-0.5096436744033997,2.116e-05,-0.8270676691729323,2215469.0,-0.8403572099742436,0.0,-1.0,0.0,-1.0
BID,2024-07-06,1.918e-05,6734723550.0,2024-12-16,197.18456725755996,163,1.689e-05,-0.1193952033368092,1e-06,-0.9478623566214807,7.7e-07,-0.9598540145985401,2302905772.0,-0.6580548919487571,247049314.0,-0.9633170816640276,125203466.0,-0.9814092642303038
FUN,2024-07-21,0.32469,3855023.6,2024-12-15,228.95993101111833,147,0.35295,0.08703686593365978,0.12079,-0.6279836151405956,0.033001,-0.8983615140595644,2877787.5,-0.2534967879314669,141879.7,-0.9631961526772495,31155.4,-0.991918233652318
VAULT,2024-12-16,1.4365,9609753.59,2024-12-16,0.0,0,1.2534,-0.12746258266620258,,,,,2310756.98,-0.7595404545643506,,,,
PEPE,2024-06-02,0.004633,21116080.74,2024-12-18,293.0498597021368,199,0.001,-0.7841571336067343,0.002173,-0.5309734513274336,5.5e-05,-0.9881286423483704,11566958.1,-0.45222040763990745,1061757.98,-0.9497180374960055,0.0,-1.0
SUCKY,2024-06-30,0.00031448,351851828.0,2024-12-17,235.63342660900534,170,0.00037395,0.18910582548969734,0.00027771,-0.11692317476469083,0.00020276,-0.3552531162554058,913553658.0,1.5964158355886102,25100850.0,-0.928660737269212,1009218.0,-0.9971316960160855
HPYH,2024-11-27,0.17192,208697.37,2024-12-15,2175.6514657980456,18,0.15859,-0.07753606328524887,,,,,122675.21,-0.4121861238596346,,,,
FARMED,2024-07-01,0.00372,11168839.26,2024-12-15,272.5806451612903,167,0.005014,0.34784946236559144,0.002755,-0.2594086021505376,0.000128,-0.9655913978494624,9738268.1,-0.1280859296743071,2005527.25,-0.8204354809561473,202955.05,-0.9818284563619013
HFUN,2024-05-16,2.5362,681352.32,2024-12-16,11663.267881081933,214,1.2008,-0.5265357621638671,9.0711,2.576650106458481,25.957,9.23460294929422,181085.31,-0.7342266186163422,489517.47,-0.2815501530837966,92816.68,-0.8637757922362399
CZ,2024-06-09,0.27506,901139.96,2024-07-20,481.29135461353883,41,0.22066,-0.19777503090234871,0.39222,0.4259434305242491,0.68053,1.4741147386024864,313756.72,-0.6518224316675514,686943.43,-0.23769507458086747,114744.63,-0.8726672491584992
MONAD,2024-10-26,0.0018922,102128658.1,2024-12-15,118.54983616953811,50,0.0016241,-0.14168692527216986,0.0005643,-0.7017757108128104,,,18912529.6,-0.8148166249136294,172948.6,-0.9983065615154695,,
SELL,2024-06-26,0.0004,233712063.0,2024-12-16,569.9749999999999,173,0.00039664,-0.008399999999999963,0.0002052,-0.487,0.00012482,-0.6879500000000001,187689388.0,-0.19692040885369277,7343346.0,-0.9685795165823341,6382287.0,-0.9726916663261836
HPUMP,2024-09-15,0.015907,149285.13,2024-12-16,16375.136732256236,92,0.01,-0.37134594832463697,0.019384,0.21858301376752354,0.017093,0.07455837052869807,27116.45,-0.818357997209769,42586.38,-0.7147312662687838,0.0,-1.0
G,2024-10-13,0.0009,37073.43,2024-12-16,211011.1111111111,64,0.0009,0.0,0.011999,12.332222222222223,0.05,54.55555555555556,0.0,-1.0,0.0,-1.0,10827.01,-0.7079576936906027
RISE,2024-09-22,6.1e-05,4291446.03,2024-12-16,31513.11475409836,85,8e-05,0.3114754098360657,5.4e-05,-0.11475409836065575,0.000185,2.0327868852459017,38.2,-0.9999910985714995,0.0,-1.0,0.0,-1.0
MBAPPE,2024-08-01,0.10584,2754511.76,2024-12-16,18.348450491307645,137,0.072407,-0.3158824640967498,0.039418,-0.6275699168556311,0.029656,-0.7198034769463342,693723.17,-0.7481502239075574,7649.96,-0.9972227528264392,4224.18,-0.9984664505480274
STEEL,2024-11-29,0.4528,580591.27,2024-12-16,94.12985865724383,17,0.45145,-0.0029814487632507936,,,,,435783.53,-0.24941425660775085,,,,
TRUMP,2024-05-31,0.014302,79117829.6,2024-12-16,46.832610823661035,199,0.012238,-0.14431548035239827,0.005533,-0.6131310306250874,0.003508,-0.7547196196336177,114848925.24,0.45161875421314646,3754703.5,-0.9525428905344997,381797.4,-0.9951743190892587
HOPE,2024-10-27,0.0001392,109662900.0,2024-12-17,1002.6580459770116,51,0.00020065,0.4414511494252873,0.00026989,0.9388649425287356,,,131743088.0,0.20134601583580225,1576971.0,-0.9856198313194344,,
BOZO,2024-10-14,0.004862,8607209.33,2024-12-16,1468.6548745372277,63,0.005042,0.03702180172768399,0.022266,3.5795968737145207,0.051975,9.690045248868778,657758.12,-0.9235805596469675,825029.42,-0.9041466997759191,3686559.85,-0.571689300369322
STRICT,2024-11-11,0.00029929,380318632.0,2024-12-16,209.3454509004644,35,0.00023621,-0.21076547829864023,0.00011375,-0.6199338434294497,,,79119969.0,-0.7919639945486552,2128408.0,-0.9944036189107874,,
FARM,2024-12-13,33.553,1663007.6,2024-12-13,0.0,0,19.01,-0.43343367210085526,,,,,675195.45,-0.5939913623966602,,,,
VIZN,2024-11-10,0.13682,366168.59,2024-12-17,112.11811138722409,37,0.12594,-0.0795205379330507,0.11627,-0.1501973395702383,,,34000.71,-0.9071446570553744,698.81,-0.9980915621408161,,
PEAR,2024-12-01,0.0013379,47229267.1,2024-12-16,712.9905075117723,15,0.0006839,-0.4888257717318185,,,,,16444108.6,-0.6518237607798916,,,,
ADHD,2024-07-16,0.0075057,34891357.0,2024-12-15,102.73925150219165,152,0.010799,0.4387731990353998,0.00095972,-0.8721345111048936,0.0002327,-0.9689968956926069,32599576.0,-0.06568334387223751,117650.0,-0.996628104776779,2296846.0,-0.9341714912377871
GUESS,2024-08-29,0.016688,3721366.91,2024-12-18,934.0364333652923,111,0.007502,-0.5504554170661553,0.003149,-0.8113015340364333,0.011686,-0.2997363374880154,863466.83,-0.7679705197357172,45520.53,-0.9877677930983698,66339.09,-0.9821734616326774
MAXI,2024-09-04,0.053837,148442.43,2024-12-18,4208.746772665639,105,0.048769,-0.0941360031205305,0.016531,-0.6929435146832104,0.046487,-0.13652320894552072,12439.8,-0.9161978148700476,0.0,-1.0,854.51,-0.994243492241403
CHEF,2024-11-29,0.041667,215787.18,2024-12-16,4104.046367629058,17,0.17645,3.234766121871025,,,,,82270.28,-0.6187434304484631,,,,
HGOD,2024-11-12,0.034167,306542.38,2024-12-16,5501.0185266485205,34,0.034167,0.0,0.036061,0.05543360552579979,,,5931.88,-0.9806490704482689,34311.24,-0.8880701585209849,,
RUG,2024-06-05,0.0068007,71013339.0,2024-12-18,1119.41858926287,196,0.0042545,-0.3744026350228653,0.010121,0.48822915288132096,0.0087682,0.28930845354154733,12987936.0,-0.817105684891116,9937545.0,-0.8600608682827884,1223749.0,-0.9827673361479313
SHOE,2024-10-25,0.14253,134736.25,2024-12-16,1192.6401459341894,52,0.32391,1.2725741949063356,0.055555,-0.6102224093173367,,,143250.0,0.06318826596405946,50761.06,-0.6232561021996679,,
FATCAT,2024-10-29,0.50404,510172.49,2024-12-16,183.44972621220538,48,0.27755,-0.44934925799539716,0.034189,-0.9321700658677883,,,529218.8,0.037333079249334045,15710.25,-0.9692060032480387,,
LIQUID,2024-11-14,0.2561,450916.55,2024-12-16,1031.2768449824289,32,0.17502,-0.31659508004685666,2.158,7.426395939086294,,,92785.9,-0.7942282224948275,131438.55,-0.7085080376845783,,
MOG,2024-07-24,0.000471,389330724.51,2024-12-16,135.8811040339703,145,0.000404,-0.1422505307855626,0.0002,-0.5753715498938429,6e-06,-0.9872611464968153,139244577.2,-0.6423488606627461,528563.19,-0.9986423799697154,431290.28,-0.9988922264469551
GMEOW,2024-06-01,0.00092553,382758955.0,2024-12-15,278.4750359253617,197,0.00051454,-0.4440590796624637,0.0007175,-0.22476851101531015,0.00045506,-0.5083249597527904,161983350.0,-0.5768006263890024,168102492.0,-0.5608136927847971,13680340.0,-0.964258602388545
SCHIZO,2024-06-24,2.0197,396423.92,2024-12-13,737.5996435114126,172,1.7104,-0.1531415556765856,1.5057,-0.2544932415705302,0.16235,-0.91961677476853,194758.54,-0.5087114319438645,56277.06,-0.8580381829633288,15608.48,-0.960626795678727
ANT,2024-08-14,0.035184,248007.9,2024-12-16,2315.870850386539,124,0.024486,-0.30405866302864937,0.021982,-0.3752273760800363,0.021982,-0.3752273760800363,15981.0,-0.9355625365159739,0.0,-1.0,0.0,-1.0
NEIRO,2024-12-01,0.0026664,57222507.9,2024-12-16,335.38103810381034,15,0.0009861,-0.6301755175517552,,,,,11523978.4,-0.798611091633053,,,,
PURR,2024-04-16,0.075457,520583242.0,2024-12-16,722.9985289635156,244,0.066972,-0.11244814927707159,0.129,0.7095829412778141,0.14505,0.9222868653670304,101244314.0,-0.8055175314306411,35411897.0,-0.9319764945487815,85534736.0,-0.8356944113848367
NFT,2024-08-15,0.12521,434532.32,2024-12-16,891.5342225061897,123,0.11424,-0.0876128104783962,0.04509,-0.6398849932114048,0.02,-0.8402683491733887,61318.47,-0.858886284914319,0.0,-1.0,16941.4,-0.9610123362055094
STACK,2024-09-25,0.35677,178362.65,2024-12-17,557.9869383636518,83,0.3731,0.04577178574431717,0.11164,-0.6870813128906579,0.12677,-0.644673038652353,14342.14,-0.9195900038489,1148.35,-0.9935617126119174,0.0,-1.0
GENESY,2024-12-06,6.2244,725641.71,2024-12-06,0.0,0,4.1101,-0.33967932652143173,,,,,434649.4,-0.4010137592559281,,,,
PIP,2024-10-30,0.68515,525888.43,2024-12-16,9622.396555498795,47,1.8864,1.7532657082390717,14.544,20.227468437568415,,,403508.15,-0.2327114897736009,248251.13,-0.5279395479379534,,
VEGAS,2024-07-07,0.060421,2016150.13,2024-12-16,890.3344863540822,162,0.09629,0.5936512139818937,0.082897,0.3719898710713161,0.023915,-0.6041939060922528,3855135.83,0.9121273622614603,1108002.08,-0.45043671921396045,145303.2,-0.9279303669712334
LUCKY,2024-11-24,0.00021739,128106502.0,2024-12-16,1101.2512075072448,22,0.00047082,1.165784994709968,,,,,646756832.0,4.048587088889525,,,,
AUTIST,2024-11-11,0.26535,393862.97,2024-12-16,3144.620312794423,35,0.11185,-0.5784812511776898,4.9686,17.724703222159416,,,338265.64,-0.14115906859687766,59912.35,-0.8478852937101449,,
MEOW,2024-12-01,0.0023074,148222518.6,2024-12-16,1069.1947646701915,15,0.0008461,-0.633310219294444,,,,,20683723.1,-0.8604549207815174,,,,
BUBZ,2024-12-08,1.0224,1379497.14,2024-12-16,68.29029733959311,8,0.96619,-0.054978482003129825,,,,,696267.7,-0.4952742707389738,,,,
SYLVI,2024-11-05,0.1597,370726.84,2024-12-13,3884.0951784596114,38,0.19175,0.2006887914840325,4.2532,25.632435817157166,,,164697.08,-0.5557454647740099,97589.64,-0.7367613307954719,,
HOLD,2024-12-01,0.85102,347329.67,2024-12-06,98.96124650419497,5,0.33313,-0.6085520904326573,,,,,425692.01,0.22561372312362504,,,,
OMNIX,2024-10-07,0.0015309,27285489.4,2024-12-16,783.663204650859,70,0.0010809,-0.2939447383891828,0.0010446,-0.31765628061924367,0.0057148,2.7329675354366714,21807852.8,-0.2007527341620634,3002382.8,-0.8899641213692139,12953555.3,-0.5252584584390851
EARTH,2024-11-18,0.13888,345201.14,2024-12-16,1114.4297235023043,28,0.082321,-0.40725086405529953,1.0203,6.346630184331797,,,142133.45,-0.5882590364562528,6440.51,-0.9813427325297941,,
GPT,2024-07-02,2e-05,149234089.38,2024-12-16,1230.0,167,2.3e-05,0.1499999999999999,2.3e-05,0.1499999999999999,6e-06,-0.7,97738243.35,-0.3450675796926955,1178116.15,-0.9921055828805969,277125.22,-0.9981430166448475
DROP,2024-08-03,0.000304,6809130.32,2024-12-16,2755.5921052631575,135,0.000201,-0.3388157894736842,9.9e-05,-0.674342105263158,1.8e-05,-0.9407894736842105,1787402.14,-0.7374992023944698,0.0,-1.0,0.0,-1.0
CINDY,2024-09-23,0.30101,151092.05,2024-12-16,411.5444669612305,84,0.24218,-0.19544201189329258,0.066593,-0.7787681472376333,0.068004,-0.7740805953290588,48279.81,-0.680460950791256,1406.0,-0.9906944144314674,1412.22,-0.9906532474739737
NMTD,2024-09-14,0.021205,226315.06,2024-12-16,7226.573921244989,93,0.019558,-0.07767036076397082,0.01804,-0.14925725064843198,0.078993,2.725206319264324,9772.97,-0.9568169701123734,6021.77,-0.9733920933056774,5331.4,-0.9764425752311844
BERA,2024-12-04,0.015974,6853450.1,2024-12-16,454.6826092400151,12,0.0080426,-0.4965193439338925,,,,,2016132.8,-0.7058222106264405,,,,
HODL,2024-07-06,0.003822,15911566.78,2024-12-16,164.80900052328624,163,0.004132,0.08110936682365266,0.00077,-0.7985347985347986,7.3e-05,-0.9809000523286238,6773183.13,-0.5743233068340238,163246.59,-0.9897403824364304,0.0,-1.0
FRIED,2024-09-28,0.039662,170210.94,2024-12-16,3228.3747667792845,79,0.026788,-0.32459280923806166,0.19901,4.017649135192375,0.070282,0.772023599415057,16777.97,-0.9014283688228265,49148.31,-0.7112505811906098,7320.46,-0.9569918361299221
KOBE,2024-06-21,0.00012263,349288600.0,2024-07-13,1138.7670227513659,22,0.00013906,0.1339802658403324,0.00073973,5.0322107151594215,0.00011076,-0.09679523770692333,435416757.0,0.2465816433745618,80743240.0,-0.7688351695417486,9196870.0,-0.9736697103770349
